0,liang mian
1,dalongmeil
2,MIDKlNG
3,Monster toys
4,이 차가 식기전에
5,Kingen
6,우찬굳
7,srysrysrysrysr
8,HLE Lokii
9,boongwa
10,jianhun
11,zxcvfgqw
12,타 잔
13,DK Lucid
14,JUGKlNG
15,어리고싶다
16,zhonglexuruosan
17,Night 9 19
18,Shadow BongBong
19,쪼렙이다말로하자
20,TES 77
21,dalongmeiI
22,Tar2an
23,roookie
24,zztaibaba
25,LSB Kael
26,13aize
27,KING MIR
28,DK Sharvel
29,zhong men dui ju
30,디알엑스 태윤
31,ASD QQQ ZZZ
32,daoxinwengu
33,Dan Xiao Gu
34,lIlIIllIlIIllIlI
35,Rascal
36,5오5오5
37,yiqunlanzi
38,woaijiejie
39,칼과 창 방패
40,hope3
41,가민준
42,순삭쿠키
43,존중겸손아닥집중
44,재훈이의모함
45,버기해적단 버기
46,위트미드
47,Lego77
48,Shadow PoutPout
49,changguiiiiiiiii
50,wayyyyy
51,후회없는인생살게
52,BRO Delight
53,Epilogue for you
54,Tiancaishaonian
55,늘 완벽하고싶다
56,베란다거북이
57,nodfan
58,vlrhsgody
59,BRO Hena
60,XDXDXDXDXDXD
61,T1 Gumayusi
62,태영이의모함
63,광팔햄
64,cctt
65,COCG
66,할거없으니가
67,fragiIe
68,헤나의 룩북
69,LSB Envy
70,Gen G Peyz
71,byz
72,잘생긴오현택
73,SwordArt77777
74,Azhy
75,개게알러지
76,어쩌라고맞짱뜰까
77,Radiohead
78,MUDAI
79,About You
80,농심라면다내꺼야
81,겟앰은삽살개
82,Fisherr
83,징징문
84,뇌빼고 내핑만
85,Quad
86,HLE Lure
87,viper3
88,T1 Dal
89,도화지에그린그림
90,chasy1
91,2615550624736288
92,waiga
93,meiyoudalong
94,32221111
95,iuG1L
96,정글을못하다
97,베란다고양이
98,고구마는 달달해
99,Samver
100,듀얼아카데미입학
101,laji fuzhu
102,9mio
103,Twitch 다훈갓
104,역천괴
105,lilliillilllilii
106,2CORINTHIANS
107,행복한 태윤이
108,Honp1
109,Hide on bush
110,pOnYtAiLmAN
111,Like 1999
112,다시봄이올까요
113,강하다 별
114,Xbm
115,트루 러버
116,M to U
117,뿌엥뿌엔
118,stratingover
119,킬러톱
120,독기품기
121,NS Sylvie
122,신상공원
123,wodekuaile
124,Sansan Days
125,뜨거운아이스멜론
126,솔랭전문서폿
127,Nierland
128,DK Saint
129,eehh
130,Shadow Penguin
131,아프리카TV 짝강
132,Mo0dy
133,캐 인
134,TOSXD
135,난화내
136,외로운영어쌤수종
137,에이 R 티
138,코 태
139,NEED HER
140,KingKongg
141,두꺼비압수
142,SLOW Shiba64
143,LSB Winter
144,zxcvbasdqwe
145,LVLVLVLVLVLV
146,푸 얌
147,Life is AR
148,송흥호
149,Lumen AD
150,콩나물이좋아요
151,Lc7
152,CruIserr
153,온 재
154,Aileri
155,HLE OnFleek
156,FA TaNa
157,V5 ppgod
158,just a failure
159,opasdwqexz
160,BRO Soboro
161,lnferno
162,KT Way
163,Hobit
164,겨울봄 이세돌
165,qkfzlfl
166,On the Green8
167,이 쁜 채 팅
168,하인즈
169,Fatty
170,gnaixnay
171,sdgjlqeitj
172,메로나마싯다
173,DK ShowMaker
174,hulatang
175,bcbbv
176,여주월
177,JaeYounge2
178,BA0
179,삼괴권1
180,twitch 든든국밥
181,장미미술학원
182,Twitch 갈배
183,뉘셰핑
184,ucal
185,CAJCSJAGFJAFJA
186,숏다리친구들
187,망나니박진수
188,Hang ln there
189,SSUNDB
190,Insouciant
191,2019WEN
192,asdqwezxcb
193,CARFE
194,OMGAbIe
195,더블큐티준서버거
196,TwitchTV Migung
197,폭탄목걸이수련법
198,EQWEQWRGFREGRE
199,유튜브야망구독
200,마라탕에휘핑을왜
201,Mg mid
202,T1 Zeus
203,1987456144Q
204,n1ka
205,kxwqff
206,bilibili24400071
207,Honpi
208,qweasdzxx
209,su yi ming
210,GGGori
211,Bearduck
212,Vsta1
213,그땐 그저 좋았다
214,lcs superstar
215,리신친구블츠
216,모그윈
217,불이과 
218,참새크면비둘기
219,qwesadz
220,lIllIIlIIlIIlIl
221,리치2 1
222,T1 Photon2
223,Restschnee
224,베르 네르 메르
225,Flo Rida Jungler
226,피파금메달지망생
227,yueqianlongma
228,Canna00
229,태기베어
230,소년가장 원딜
231,watdoesthefoxsay
232,커피물조절장인
233,폼 팡
234,오리지널찰떡쿠키
235,61110002
236,sxxcc
237,bxwl
238,자메이카흑인
239,tianqileng
240,고래를 기다리다
241,ninjakiwi123
242,upioghllb1
243,농심 바이탈
244,yuhan2
245,i am singer
246,쿠 리
247,연서의 고양이
248,초보강아지
249,Fia123
250,벼랑위너구리
251,WeiXinyu
252,Rossoo
253,슬기누나사랑해요
254,핑만빼고다차단함
255,Felizzzzzzzzzz
256,Gen G Quid
257,사 용 수
258,WePoker
259,LCK Progamer
260,Clever9
261,ak47awm
262,일몰수정
263,경자고 최영환
264,KT VicLa
265,루이냥
266,Baus
267,Check Iist
268,LastBloodShen
269,yaoyaoxiaokeai
270,DK Pullbae
271,qqcccc
272,LunaLina
273,I am yours
274,jljljk
275,기술 카드 카
276,minhe
277,돌진돌진
278,에 넥
279,읽씹맨
280,Eyla1
281,Baby S2
282,JUNGIE GOD 12
283,아프리카BJ성윤
284,은아 예쁘다
285,zxcvasdfqwerty
286,차오꿀1
287,budazibupinren
288,늙고 병든 용진이
289,Uneasy12
290,ian25 
291,Diuqil
292,쿤 에드안3
293,apaaasq
294,Kuaisu bangzhu
295,아프리카 강주찬 
296,Feistyy
297,hushiniuxing
298,Lee wonbin
299,JAJA DlFF
300,langman de
301,노정택
302,BRO Loopy
303,갱붕이
304,born a stranger
305,Beau Voyage
306,casssie
307,Jasper Daddy
308,ENFJINFJ
309,늪에 빠지다1
310,qwerzxcvbfd
311,피그차이나
312,PowderSn0w
313,huangshang1
314,문용짱124
315,분 과
316,DRX 홍창현
317,율자주세요
318,한호랑
319,87ge
320,RingRingRingRing
321,노 르
322,DK Kingdom
323,전상득
324,권성범
325,개이쁨
326,Kitagawa Kaimu
327,Moonhk
328,초반만버티자1
329,정흠이
330,Dont Start Now
331,happy   game 
332,저지불가7777
333,HLE SamD1
334,ccdr
335,더워 죽겠어요
336,T1 Tr1gger
337,T1 Roach
338,트위치 다훈갓
339,트린중성화수술
340,H Agent
341,Hina22
342,저 위치 봐주세요
343,훌라후프 굴리기 
344,qweadsadd
345,bzzdhex
346,버스안에서 너와
347,ZED99
348,ucal68
349,CLJ1
350,ilove camillle
351,QXAL972184346q
352,Spectter
353,xiao cai niao
354,NS HH
355,DK Rahel
356,Loxyk
357,billyyyy
358,Introverted Ornn
359,직스 좀 믿어줘
360,asdfghjhhg
361,Moo1
362,미아형 원딜
363,도라메이
364,징징이는징징징징
365,정승환 신곡 나옴
366,ebhtr
367,DWG KIA
368,초보원딜러
369,Choln
370,뜨거운아이스망고
371,HarunaHaruka
372,ynd7qirgx2
373,twitch 야망1
374,원딜 왕자 이채환
375,KT Castle
376,은가뉴
377,09년생우르곳장인
378,lanmeihaochi
379,뽀삐하면미드누누
380,부커1
381,화려하게 살거야
382,혈안의적룡 애디
383,Seven
384,Juhana
385,wlsWkghksksp
386,잭 사랑
387,V5 R1ch
388,11baby
389,호잇이
390,간다라쿤다
391,ToIanD
392,Refrainment
393,bgtyhnmju
394,82 top fan
395,beleubantoseu
396,Cracker1
397,T1 Smash1
398,도전전문유튜버
399,7Lq L
400,그러려니멘탈잡기
401,Carecare1
402,남장구
403,지성153
404,WhereAreYouFr0m
405,E dal
406,광운대학교게임프로그래밍학과
407,wangpiaoliang
408,Ivy1004
409,카사돌
410,zxcvbasdqwe1
411,1년만 기달려보자
412,scy19980304
413,qi2 8guai
414,Elysia13
415,너만 행복했던 봄
416,LSB Vincenzo
417,대야웰백
418,양치기리
419,다메 닝겐
420,Water9f
421,채은누나 예쁘다 
422,1251235321
423,ming sir
424,Newp1
425,Lovely Fan
426,Co24
427,Neth3rworld
428,eljo
429,우리누나를위해서
430,2019 2018
431,18세 기모진
432,워 드
433,xstarryfire
434,NekoL
435,새 루
436,level
437,124214
438,불청객2
439,New year2022
440,Zooorn
441,knightt
442,Leminem
443,Cricket777
444,공부하기시러요
445,AtIetico Madrid
446,별사탕이좋아요
447,Saebyuck
448,zxjqwieo2
449,newwww
450,진짜너무졸리네
451,우연이 영원히
452,asdzcxr
453,빨강강타혐오자
454,Molezzz
455,으댜다
456,언니우기
457,vovozona o filme
458,처음이라그래며칠
459,lilpaaaaaaaaaa
460,jkjkjkjkk
461,도구는 툴툴
462,쭌 베
463,박 구 원
464,특수교육 전공
465,KING ASLAN
466,아무도모를것이다
467,112312232
468,난안해
469,IgNar
470,uReaS
471,앤 쥐
472,교활한 Fox
473,푸쿠이
474,유짤래미
475,여주월1
476,아이엔브이유
477,프로연락친추주셍
478,별 두
479,Saoire
480,강미나
481,kageyoshi
482,강주연
483,트위치 엄태콩
484,울 자
485,1처형 900골드
486,꿀잼사과잼
487,OMG COLD
488,이렐아칼리
489,Alexiay
490,ssenreaf
491,machigaiz
492,IlllIIIIlIIlIlII
493,HLE Roamer
494,규 보 리
495,나른한 범인
496,모 련
497,thx u next
498,Sad Life Ending
499,입생로랑 리브르
500,IRELKlNG
501,finding keria
502,단군의청춘부재
503,DaIi Van Picasso
504,잼 비
505,liiiiliiillllli
506,LSB DDahyuk
507,포퉁이
508,taoyuanxinzhu
509,만기퇴소보고배움
510,HASAKA
511,ad is wolf
512,몽이의 간식
513,연애꽃
514,Twitch 이탈리야
515,ypaow
516,잘해질게요
517,3donghezecaoxian
518,ZeusNuguriDhokla
519,NiHuiZaiNaNeIlI
520,IlIIIIIIIIllllll
521,솔 랭 만 했 다 
522,순뀨박
523,EveryD EveryM
524,Yorick
525,cryscata
526,haroz
527,zcxvzxzczcxxz
528,불타버린 발바닥
529,y112y
530,Destiny
531,zket
532,joy1213
533,kuromi qaq
534,ride on
535,Spongebobb
536,IIrrooGG
537,ONER XD
538,Forgive to
539,xiangcai
540,sadwasdxzcx
541,qest
542,gkmc
543,Capper
544,vital00
545,아이번애호가
546,따봉 람머스
547,칼날턱무리
548,T1 F0rest
549,이시역
550,유징쓰
551,인생목표한남더힐
552,yiqunlanziz
553,볼때마다잘하는놈
554,Supreme01
555,구운몽임
556,Tangyuando
557,Gen G Ruler
558,근성맨
559,dangyadangyadang
560,fcczz
561,SeoRiWon
562,BRO Lizard
563,매일 어떻게 잘해
564,우리 미드 박솔범
565,LSB TA K ON
566,LSB Carrot
567,사냥개 이준민
568,Tao yan pian zi
569,아라드
570,AD Stay
571,Plugo
572,vinaka
573,전설이 될 남자
574,Jing jiao jiao
575,calm downW
576,리바이 병장
577,4iooo
578,duckling
579,준 원
580,bendanxiaogou
581,qwanl
582,푸돌이1
583,깡통신
584,고민이 많아
585,사랑하지 않아
586,뭐든하기싫어
587,AE86 x
588,1Lq 1Lq
589,최기명
590,Caesar00
591,wrsIt
592,김따코
593,카 랑
594,풀영1
595,e not
596,나쁜 형제들
597,20040406mingfans
598,kkaammm
599,골목대장 태훈이
600,자신이너무싫다
601,just dream it
602,쉴드 준다며
603,FA Arad
604,나 샹크스
605,srysrysrysryteam
606,Shadow Taegyeong
607,쑤피롱
608,젊은 시절 용진이
609,Kuzeisup2
610,Shadow Monarca
611,숟인데요
612,QingQingQing
613,재밌는 챔 함
614,qpalzmwoaj
615,고래 칭찬하는
616,노틸러스서폿
617,지훈좌의프로토스
618,이기고싶댜아
619,츄츄기
620,NoFixed
621,bad bad jug
622,CAPTAIN AMERICA2
623,Hitman Reborn
624,빨리 던져라
625,최고가아닌최선을
626,요플래
627,FIRSTBLOODxDDDDD
628,재훈이의모햄
629,말도 안된다1
630,Iove poppy
631,rkskekfkakqk
632,빵테온의 창
633,흐에에에엥
634,풍식OI
635,wdyl
636,bwcx
637,주저 끝
638,말 벌 AD
639,kata 1000
640,시비걸면차단해
641,두부 김부각
642,buhaowan
643,tangyatangyatang
644,팜 퐁
645,시체가말하고있어
646,리치 잇빠쯔
647,Gadn
648,내목숨은아이어에
649,현타온 벙댕이
650,놀이기구무서워요
651,thx for all
652,Enosh
653,28보병사단
654,1997 01 14
655,Wamgok
656,무조건이겨야함
657,분신컨트롤
658,겸글러
659,염통 꼬오치
660,psss
661,ZA4N
662,농심 피에스타
663,C9 Berserker
664,모든최선을다하는
665,권라떼에
666,born to lose
667,어릿광대는나야
668,lieguo
669,BenedizionE
670,거북이의마음으로
671,스물다섯번째밤
672,뒤늦은 영광
673,SugiKim
674,long zhong niao
675,문닫자
676,NS Jiwoo
677,까고보니생배더라
678,FA Coach Ella
679,fzz gege
680,twtv mmanpyo
681,Fayer
682,어두운새벽뒤아침
683,stussyovo
684,Dragon Shaco
685,테 디 스 틱
686,라쿤99
687,kuaile
688,srysrymybad
689,cxasdqwe
690,Griffith
691,haishangshenghuo
692,매 루
693,Pungyeonn
694,Indexy
695,마 오
696,liiiliiiillliil
697,개과천선l
698,논산끌려가는사람
699,adad1209
700,모든서폿명예주기
701,6두콩
702,방전 자포코일
703,Thanatos
704,지으자닉네임
705,climber climber
706,dgdsxnh
707,1997092537129837
708,프로겐
709,렐서폿
710,TL Yeon
711,Twitch TV 기묘진
712,asdhaskjdhjaksdh
713,금방1
714,Otsuko Yuta
715,pjtL
716,귓 x
717, 패자 대기열
718,파덕 1
719,용호동 이호근
720,비만킹
721,프로되기위해노력
722,모카는악마다
723,chocolate butter
724,과거로 돌아가다
725,srysryyourbad
726,국 격
727,날쌘 화살 신태민
728,Hegforelly
729,개빡담
730,chuanxinchangmao
731,포소포소
732,Moye
733,Mon seul amour
734,twtv soodangkim
735,WJDAKFDJWLFJQEK
736,건영 님
737,shunliren
738,oihlk
739,DK Nuguri
740,리 준셴
741,제대로가보자아
742,S2zl존간zl정민S2
743,아직 희망이 있다
744,Twitch 보다
745,AfreecaTv 춘수
746,Happie
747,하레온나 fan
748,크으리
749,살티레
750,TW Choco
751,1달안에챌린저
752,트위치 오또마
753,마라무
754,마래리트
755,ADKLNG GOD
756,another sunrise
757,런 두
758,DOK SA
759,Youtube Hongcono
760,딸기는 죽었다
761,다의미가없어요
762,RingFitAdventure
763,웃 자
764,T1 Minous
765,저사람뭔데에에에
766,병 굴
767,sjrpt
768,신비한 뱀
769,Mocha
770,오빠의바나나
771,J 6OD1
772,tmrwistheftr
773,한국한량
774,Tiancaishaonv
775,HLE Lukalux
776,박치기공룡입니다
777,BaphometsRomance
778,잘 빨아주는 편
779,Phaseless
780,야채푸른
781,LSB Bvoy
782,아랄아랄아랄해
783,chichima
784,AD For Practice
785,My nightmares
786,알이 깨지기전에
787,자넨바
788,미소년
789,믜 진
790,정글탓gogo
791,살퀸레
792,자신감이 곧 실력
793,겨울레몬
794,킹 갓 황 샘
795,소 브
796,비티밍
797,팀운은만드는거야
798,FA Pang jin
799,누가 최고야
800,토실토실한붕어
801,군전투 지휘 검열
802,Quinn VV
803,Raindrops Flower
804,갱오면캐리머신
805,칠대삼
806,해강고 원딜
807,wdbyzmw
808,Lisianthus1
809,lover boy 88
810,사 솟
811,UDT김EGG
812,T1 Photon1
813,Kryssssssstal
814,Happy but Sad
815,F2TiSh
816,학식안먹을나이
817,그냥 그리워
818,gmoa
819,언더덕
820,떼 잉1
821,이길생각만하기
822,쥐도세도모르게
823,IlllllIIlIIII
824,잠에서 깬 북극곰
825,moonsju
826,Artist JaeHK
827,객관적판단
828,용과호랑이용
829,엄의근본
830,CTU Gakseong
831,아직아직
832,bbb8
833,미북이
834,오스기
835,11년원딜프로지망
836,고교생활 3년차
837,kratosgf
838,레전드오브롤1244
839,6260
840,b2z
841,yyzx
842,LSB KANIA
843,그건진짜나아니야
844,시계왕
845,asdasdfdafqw
846,에이트
847,we assassin
848,dalongmeli
849,ILLAKlNG
850,큐 지
851,blwy3
852,나도 쌩배키울래
853,홍상현 암살부대
854,이매꽃
855,선지자
856,나솔직히무섭다
857,asdfgqwert12345
858,Hide in bush
859,FPXGori1
860,렐복치
861,KOR KASH
862,FA Leon
863,SPARKLE03
864,sup bard open
865,Aube La Belle
866,간디도롤하면폭력
867,hanyuanchamei
868,민석퀸
869,트위치 기뮨디
870,HNChaonan
871,For future
872,트위치 손주녁
873,원딜왕자정용승
874,Marigold Petal
875,Alex Yoon
876,kldeu
877,elole
878,오피스눈나이야기
879,Karinaaa
880,쫌비킹
881,sssyba
882,Dduuzzii
883,레이븐 페르소나
884,MDtv3212
885,kuo81
886,PqGc
887,우승하고돌아온다
888,zCAMILEKINGz
889,Web Novel
890,kdakda
891,52년생 곽춘자
892,이별을 그리다
893,yasuo buyao
894,티 신
895,Lucky WhaleShark
896,아니진짜억울해여
897,뉘에뉘예
898,shin3510
899,한달안에챌까지
900,생배를혐오합니다
901,aner
902,talasha
903,8월 32일
904,07 JGL
905,빛경재
906,택현쓰
907,yh97
908,어쩔바이
909,비이스타
910,파 고
911,또네킹
912,애기공룡 주상
913,양아진
914,세영이 찾기
915,Sereno
916,mirmir
917,장임박
918,내가홍기완
919,Ietter song
920,Trisak
921,hunter no mic
922,개미1친놈
923,문현길
924,임녜준
925,협최정
926,PTN Howin
927,Baroh
928,울겨을가름여봄
929,전서방 닭갈비
930,이제는 놓아주자
931,명훈쓰
932,Daopa
933,DWG 암Canyon
934,롤에싫증난사람
935,qxcszwa
936,매혹으짜니
937,sheng hua
938,bad bad mid
939,D0nt be afraid
940,08년생ad
941,sora
942,awak47
943,aabbcc1123
944,포켓몬 목호
945,암흑 우주 럭스
946,Shadow Ming9
947,이기는법모르는자
948,톱 갭
949,민트맛 포카리
950,GOMBUNNY
951,G2midCaps
952,원나물
953,KDF CALLME
954,스눈이123
955,Simanski
956,새하얀 thigh
957,Megalia
958,jusaka1
959,SLT 히나타
960,핑핑아 울지마
961,Zzikg1
962,dakuwo
963,86 zhendewudi
964,선우선우선
965,하늘색 안개꽃
966,리그오브레전드ll
967,MooJin777
968,릴리아만큼잘재움
969,tnfla1
970,그대로 인해
971,서폿비아
972,승만두맨
973,망토와단검
974,iuhan3
975,언배 혐오증
976,쉔드백
977,선택의시작
978,복슬복슬겨드랑이
979,Sry Sup Gap ToT
980,아는척자제
981,김빛다슬동생성준
982,who do you love
983,약속의3코어
984,FA Na Kyung
985,inSec
986,호시니
987,haizhongdejingyu
988,못피합니다
989,Imagine Legends
990,버스절실한사람
991,마빡에 힘줄
992,개구리진화거북왕
993,시르삼
994,인천 하후돈
995,여자친구 김예원
996,Padao
997,BRO Morgan
998,비인기비제이
999,fliz
